{"cameraMode":{"drawMode":0,"name":"Shaded","section":"Shading Mode"},"sceneLighting":true,"audioPlay":false,"sceneViewState":{"m_AlwaysRefresh":false,"showFog":true,"showSkybox":true,"showFlares":true,"showImageEffects":true,"showParticleSystems":true,"showVisualEffectGraphs":true,"m_FxEnabled":true},"in2DMode":false,"pivot":{"x":-1.3022656440734864,"y":-3.8799190521240236,"z":-2.6198511123657228},"rotation":{"x":0.1935635805130005,"y":-0.04472022131085396,"z":0.008832667954266072,"w":0.9800320863723755},"size":29.240476608276368,"orthographic":false}