{"cameraMode":{"drawMode":0,"name":"Shaded","section":"Shading Mode"},"sceneLighting":true,"audioPlay":false,"sceneViewState":{"m_AlwaysRefresh":false,"showFog":true,"showSkybox":true,"showFlares":true,"showImageEffects":true,"showParticleSystems":true,"showVisualEffectGraphs":true,"m_FxEnabled":true},"in2DMode":false,"pivot":{"x":-5.611040115356445,"y":3.4770078659057619,"z":-5.856634140014648},"rotation":{"x":-0.15884028375148774,"y":-0.03256874904036522,"z":0.005248972214758396,"w":-0.9867743253707886},"size":4.7166032791137699,"orthographic":false}