{"cameraMode":{"drawMode":0,"name":"Shaded","section":"Shading Mode"},"sceneLighting":true,"audioPlay":false,"sceneViewState":{"m_AlwaysRefresh":false,"showFog":true,"showSkybox":true,"showFlares":true,"showImageEffects":true,"showParticleSystems":true,"showVisualEffectGraphs":true,"m_FxEnabled":true},"in2DMode":false,"pivot":{"x":-1.4987261295318604,"y":0.7728148102760315,"z":-8.21239948272705},"rotation":{"x":0.02039383538067341,"y":0.021593894809484483,"z":-0.000441345211584121,"w":0.9995637536048889},"size":2.197974920272827,"orthographic":false}