{"cameraMode":{"drawMode":0,"name":"Shaded","section":"Shading Mode"},"sceneLighting":false,"audioPlay":false,"sceneViewState":{"m_AlwaysRefresh":false,"showFog":true,"showSkybox":false,"showFlares":true,"showImageEffects":true,"showParticleSystems":true,"showVisualEffectGraphs":true,"m_FxEnabled":true},"in2DMode":false,"pivot":{"x":8.106245994567871,"y":0.9077244997024536,"z":24.678220748901368},"rotation":{"x":0.2066827267408371,"y":0.011740637011826039,"z":-0.002480303170159459,"w":0.9783357381820679},"size":5.884562969207764,"orthographic":false}